,Genotype (I.D.),Animal,Stimulus,Paw Velocity (mm/s),Paw Height (mm),Pain Score,TIME,file,pca1,Paw Velocity (mm/s)_scaled,Paw Height (mm)_scaled,Pain Score_scaled,used for training,p_pain
0,C57,1,cotton swab,50.6,3.95,0.0,Baseline,C57 male.csv,-2.0273021415774006,-1.3268463034317488,-1.1593654650749423,-1.0231298052248863,1.0,0.08609838093000419
1,C57,2,cotton swab,165.3,4.96,0.0,Baseline,C57 male.csv,-1.8784509482072222,-1.1817831164265695,-1.0476060644807463,-1.0231298052248863,1.0,0.07680934632873104
2,C57,3,cotton swab,380.55,9.55,0.0,Baseline,C57 male.csv,-1.426990710108431,-0.9095525061138859,-0.5397093825724678,-1.0231298052248863,1.0,0.0724531183100686
3,C57,4,cotton swab,580.0,7.38,0.0,Baseline,C57 male.csv,-1.4189514019920688,-0.6573044446650368,-0.7798261145421769,-1.0231298052248863,1.0,0.07259637409577872
4,C57,5,cotton swab,258.67,5.43,0.0,Baseline,C57 male.csv,-1.7797763774849373,-1.063696370387567,-0.9955992146992886,-1.0231298052248863,1.0,0.07336396734431756
5,C57,6,cotton swab,931.32,6.53,1.0,Baseline,C57 male.csv,-0.6857068583772321,-0.2129836176496964,-0.8738810556363024,-0.10014396379512873,1.0,0.1592255619205568
6,C57,7,cotton swab,442.89,5.76,0.0,Baseline,C57 male.csv,-1.623244654872108,-0.8307099683815157,-0.9590837669803927,-1.0231298052248863,1.0,0.07110904018716896
7,C57,8,cotton swab,30.56,5.5,0.0,Baseline,C57 male.csv,-1.943028859025102,-1.3521912578134732,-0.9878535136680076,-1.0231298052248863,1.0,0.0801527501554069
8,C57,9,cotton swab,959.5,6.59,0.0,Baseline,C57 male.csv,-1.1903763915165482,-0.17734385644824963,-0.8672418833237759,-1.0231298052248863,1.0,0.08015274182653517
9,C57,10,cotton swab,134.8,5.35,0.0,Baseline,C57 male.csv,-1.8759651234707777,-1.2203570240434656,-1.004451444449324,-1.0231298052248863,1.0,0.07669921600171395
10,C57,1,dynamic brush,1092.51,7.17,0.0,Baseline,C57 male.csv,-1.0555290886593898,-0.009123677690107707,-0.8030632176360196,-1.0231298052248863,,0.08922966397805641
11,C57,2,dynamic brush,886.99,10.04,1.0,Baseline,C57 male.csv,-0.4940959468159509,-0.26904857911386026,-0.48548947535350145,-0.10014396379512873,,0.25411826060891335
12,C57,3,dynamic brush,941.47,10.01,0.5,Baseline,C57 male.csv,-0.7205654896880435,-0.20014672708210646,-0.48880906150976466,-0.5616368845100075,,0.14778040208641122
13,C57,4,dynamic brush,593.57,7.59,0.0,Baseline,C57 male.csv,-1.395559689787014,-0.6401422175712244,-0.756589011448334,-1.0231298052248863,,0.07305394128642184
14,C57,5,dynamic brush,852.58,8.82,0.0,Baseline,C57 male.csv,-1.126548030472972,-0.31256753521541397,-0.6204859790415405,-1.0231298052248863,,0.0838667309007889
15,C57,6,dynamic brush,588.51,11.41,1.0,Baseline,C57 male.csv,-0.6260506563878311,-0.6465416920807816,-0.33389504088414595,-0.10014396379512873,,0.1824841081863
16,C57,7,dynamic brush,1084.28,11.71,0.0,Baseline,C57 male.csv,-0.7715821560801348,-0.019532309155257027,-0.3006991793215133,-1.0231298052248863,,0.13347485155376923
17,C57,8,dynamic brush,291.49,3.78,0.0,Baseline,C57 male.csv,-1.8610404588410634,-1.0221883163552221,-1.1781764532937677,-1.0231298052248863,,0.07606505547964876
18,C57,9,dynamic brush,850.59,8.1,0.0,Baseline,C57 male.csv,-1.1740021424229903,-0.31508432459763114,-0.7001560467918587,-1.0231298052248863,,0.08101957327704809
19,C57,10,dynamic brush,3513.53,22.76,0.0,Baseline,C57 male.csv,1.7204199496793444,3.0527845786593164,0.9220150549021198,-1.0231298052248863,,0.914014475157562
20,C57,1,light pinprick,408.52,7.54,0.5,Baseline,C57 male.csv,-1.2702052424504553,-0.8741783357517685,-0.762121655042106,-0.5616368845100075,,0.07664478699889864
21,C57,2,light pinprick,683.34,10.22,1.0,Baseline,C57 male.csv,-0.6323371866935326,-0.5266084573492982,-0.46557195841592175,-0.10014396379512873,,0.17979496560867683
22,C57,3,light pinprick,1723.51,19.48,2.0,Baseline,C57 male.csv,1.2531913299859168,0.7889135585807558,0.5590736351506702,0.8228418776346288,,0.9258150312255462
23,C57,4,light pinprick,1633.04,13.66,2.0,Baseline,C57 male.csv,0.8149110286442647,0.6744944955610648,-0.08492607916440166,0.8228418776346288,,0.9379915561390002
24,C57,5,light pinprick,1464.9,9.43,1.0,Baseline,C57 male.csv,-0.10813708667326331,0.46184476353795406,-0.552987727197521,-0.10014396379512873,,0.6209410775036414
25,C57,6,light pinprick,897.32,6.6,3.0,Baseline,C57 male.csv,0.352209471255061,-0.25598403925541646,-0.8661353546050216,1.7458277190643865,,0.8961321440803107
26,C57,7,light pinprick,1081.9,8.68,0.0,Baseline,C57 male.csv,-0.9668772036352521,-0.022542338667657282,-0.6359773811041024,-1.0231298052248863,,0.0983381072517203
27,C57,8,light pinprick,1550.22,8.52,0.0,Baseline,C57 male.csv,-0.6327529256735577,0.5697505274026609,-0.6536818406041731,-1.0231298052248863,,0.17961920514394925
28,C57,9,light pinprick,1627.7,8.45,1.0,Baseline,C57 male.csv,-0.051032887534606525,0.6677408999324018,-0.661427541635454,-0.10014396379512873,,0.6745545597147254
29,C57,10,light pinprick,2239.27,6.4,2.0,Baseline,C57 male.csv,0.7969157276532219,1.4412046599738788,-0.8882659289801098,0.8228418776346288,,0.9379021915589575
30,C57,1,heavy pinprick,1515.79,21.34,2.0,Baseline,C57 male.csv,1.2192696459902683,0.5262062769354566,0.7648879768389921,0.8228418776346288,1.0,0.9272399926622948
31,C57,2,heavy pinprick,1687.84,21.75,1.33,Baseline,C57 male.csv,1.0173842942603697,0.7438010574432253,0.8102556543079232,0.20444136387669132,1.0,0.9348736710813145
32,C57,3,heavy pinprick,1775.87,28.79,1.5,Baseline,C57 male.csv,1.621767340413005,0.8551342078535646,1.5892518723110343,0.36134895691975005,1.0,0.914626471414588
33,C57,4,heavy pinprick,1340.16,18.45,2.33,Baseline,C57 male.csv,1.080174021996305,0.30408380497626225,0.44510117711896496,1.127427205306449,1.0,0.9327857159442237
34,C57,5,heavy pinprick,2242.98,28.85,2.67,Baseline,C57 male.csv,2.588244673561963,1.4458967648020324,1.595891044623561,1.4412423913925663,1.0,0.9209964374356995
35,C57,6,heavy pinprick,1588.85,20.65,2.0,Baseline,C57 male.csv,1.2289142897825969,0.6186065946564538,0.688537495244937,0.8228418776346288,1.0,0.9268347254571646
36,C57,7,heavy pinprick,1693.6,22.15,2.67,Baseline,C57 male.csv,1.7563277237008643,0.7510858347505474,0.8545168030580998,1.4412423913925663,1.0,0.9140622564497456
37,C57,8,heavy pinprick,2358.2,23.19,2.33,Baseline,C57 male.csv,2.1314879621614584,1.5916176053141224,0.9695957898085598,1.127427205306449,1.0,0.9198079738270093
38,C57,9,heavy pinprick,1384.8,13.44,1.67,Baseline,C57 male.csv,0.44369000044356693,0.3605408291080075,-0.10926971097699896,0.5182565499628088,1.0,0.9139802836658867
39,C57,10,heavy pinprick,2472.2,28.94,2.67,Baseline,C57 male.csv,2.7625335143214294,1.7357954895215366,1.6058498030923507,1.4412423913925663,1.0,0.9141506364928658
0,C57_injured,"Cage1, Animal 1",0.07 vfh,436.99,5.44,0.0,Baseline,CCI injured paw.csv,-1.6480231891827823,-0.8381718062483906,-0.9944926859805342,-1.0231298052248863,,0.07124612850600381
1,C57_injured,"Cage1, Animal 2",0.07 vfh,635.8125,4.89,1.0,Baseline,CCI injured paw.csv,-1.0077435250846953,-0.5867173555218236,-1.0553517655120273,-0.10014396379512873,,0.09375425726692979
2,C57_injured,"Cage1, Animal 4",0.07 vfh,399.05,4.4,0.0,Baseline,CCI injured paw.csv,-1.7423508808118766,-0.8861552178872442,-1.1095716727309937,-1.0231298052248863,,0.072503787898195
3,C57_injured,"Cage2, Animal 0",0.07 vfh,604.05,5.51,0.0,Baseline,CCI injured paw.csv,-1.5207166331778086,-0.6268879699704025,-0.9867469849492532,-1.0231298052248863,,0.0712935746751169
4,C57_injured,"Cage2, Animal 1",0.07 vfh,436.15,6.65,0.0,Baseline,CCI injured paw.csv,-1.5713505373812824,-0.8392341696057084,-0.8606027110112493,-1.0231298052248863,,0.07105632552885367
5,C57_injured,"Cage2, Animal 3",0.07 vfh,767.98,8.25,0.0,Baseline,CCI injured paw.csv,-1.2251618569683782,-0.4195627019167057,-0.6835581160105424,-1.0231298052248863,,0.07848611367423283
6,C57_injured,"Cage3, Animal 0",0.07 vfh,1008.93,6.93,1.0,Baseline,CCI injured paw.csv,-0.6030915769631087,-0.11482883174322785,-0.8296199068861257,-0.10014396379512873,,0.19281896597705026
7,C57_injured,"Cage3, Animal 3",0.07 vfh,687.15,6.29,2.0,Baseline,CCI injured paw.csv,-0.3513473279026373,-0.5217898806928926,-0.9004377448864084,0.8228418776346288,,0.3699079295419757
8,C57_injured,"Cage3, Animal 4",0.07 vfh,485.4,3.58,0.0,Baseline,CCI injured paw.csv,-1.7312383330620131,-0.7769467941915403,-1.200307027668856,-1.0231298052248863,,0.07229036449470021
9,C57_injured,"Cage1, Animal 1",0.6 vfh,544.66,7.16,0.0,Baseline,CCI injured paw.csv,-1.4589888365284525,-0.7019995887693353,-0.804169746354774,-1.0231298052248863,,0.07195230922383597
10,C57_injured,"Cage1, Animal 2",0.6 vfh,1243.18,4.87,4.0,Baseline,CCI injured paw.csv,1.0252282922174019,0.18143142593735834,-1.057564822949536,2.6688135604941436,,0.9346341260846277
11,C57_injured,"Cage1, Animal 4",0.6 vfh,878.0,4.93,0.0,Baseline,CCI injured paw.csv,-1.3563359938344723,-0.2804183964737257,-1.0509256506370095,-1.0231298052248863,,0.07396221416056535
12,C57_injured,"Cage2, Animal 0",0.6 vfh,357.38,6.45,0.0,Baseline,CCI injured paw.csv,-1.6420434855142405,-0.9388560287199016,-0.8827332853863378,-1.0231298052248863,,0.07120616123165019
13,C57_injured,"Cage2, Animal 1",0.6 vfh,372.05,9.92,1.0,Baseline,CCI injured paw.csv,-0.8803841492332798,-0.9203026115153159,-0.4987678199785544,-0.10014396379512873,,0.1107593757089657
14,C57_injured,"Cage2, Animal 3",0.6 vfh,931.13,5.28,1.0,Baseline,CCI injured paw.csv,-0.7656918952128329,-0.21322391412337546,-1.012197145480605,-0.10014396379512873,,0.13499103495794545
15,C57_injured,"Cage3, Animal 0",0.6 vfh,978.4,8.27,1.0,Baseline,CCI injured paw.csv,-0.5399453563751101,-0.1534406809085994,-0.6813450585730335,-0.10014396379512873,,0.2257272762300497
16,C57_injured,"Cage3, Animal 3",0.6 vfh,915.66,6.47,2.0,Baseline,CCI injured paw.csv,-0.171831669064459,-0.23278910595397814,-0.880520227948829,0.8228418776346288,,0.5529823578371513
17,C57_injured,"Cage3, Animal 4",0.6 vfh,743.57,5.68,1.0,Baseline,CCI injured paw.csv,-0.8780497645587475,-0.45043447519304763,-0.9679359967304281,-0.10014396379512873,,0.11115477285085523
18,C57_injured,"Cage1, Animal 1",1.4 vfh,922.0,9.22,0.0,Baseline,CCI injured paw.csv,-1.0499546599263097,-0.22477079204279382,-0.5762248302913636,-1.0231298052248863,,0.08971579042801023
19,C57_injured,"Cage1, Animal 2",1.4 vfh,399.05,4.4,0.0,Baseline,CCI injured paw.csv,-1.7423508808118766,-0.8861552178872442,-1.1095716727309937,-1.0231298052248863,,0.072503787898195
20,C57_injured,"Cage1, Animal 4",1.4 vfh,1242.4,4.48,0.0,Baseline,CCI injured paw.csv,-1.117145720794161,0.18044494567699185,-1.1007194429809584,-1.0231298052248863,,0.08449549692670258
21,C57_injured,"Cage2, Animal 0",1.4 vfh,327.87,5.99,1.0,Baseline,CCI injured paw.csv,-1.16390237652776,-0.9761778652371016,-0.933633606449041,-0.10014396379512873,,0.08158247688502217
22,C57_injured,"Cage2, Animal 1",1.4 vfh,823.95,8.49,0.0,Baseline,CCI injured paw.csv,-1.1686781521250802,-0.3487764196439953,-0.6570014267604363,-1.0231298052248863,,0.08131354686430006
23,C57_injured,"Cage2, Animal 3",1.4 vfh,229.59,5.6,2.0,Baseline,CCI injured paw.csv,-0.7318548629249993,-1.1004743780432829,-0.9767882264804634,0.8228418776346288,,0.14437718625760304
24,C57_injured,"Cage3, Animal 0",1.4 vfh,1235.6,7.37,2.0,Baseline,CCI injured paw.csv,0.12090119183188662,0.17184486135584762,-0.7809326432609313,0.8228418776346288,,0.8051109312724168
25,C57_injured,"Cage3, Animal 3",1.4 vfh,481.95,3.88,0.0,Baseline,CCI injured paw.csv,-1.714612155189515,-0.7813100722662383,-1.1671111661062235,-1.0231298052248863,,0.0720051874048817
26,C57_injured,"Cage3, Animal 4",1.4 vfh,696.13,6.95,1.0,Baseline,CCI injured paw.csv,-0.8318084007389323,-0.5104327105158524,-0.8274068494486168,-0.10014396379512873,,0.11975664157745243
27,C57_injured,"Cage1, Animal 1",0.07 vfh,918.98,2.65,2.0,Week 1,CCI injured paw.csv,-0.41339789445382785,-0.22859024125600777,-1.303214198513017,0.8228418776346288,,0.31396143702093693
28,C57_injured,"Cage1, Animal 2",0.07 vfh,498.57,3.98,0.0,Week 1,CCI injured paw.csv,-1.6960042404512115,-0.7602904544107365,-1.1560458789186792,-1.0231298052248863,,0.07173290171129997
29,C57_injured,"Cage1, Animal 4",0.07 vfh,1279.24,5.97,2.0,Week 1,CCI injured paw.csv,0.06356186423762665,0.22703716720507197,-0.9358466638865498,0.8228418776346288,,0.768203481494712
30,C57_injured,"Cage2, Animal 0",0.07 vfh,766.37,6.56,1.0,Week 1,CCI injured paw.csv,-0.8050743551612239,-0.42159889835156483,-0.8705614694800392,-0.10014396379512873,,0.12546332461696208
31,C57_injured,"Cage2, Animal 1",0.07 vfh,353.89,9.0,0.0,Week 1,CCI injured paw.csv,-1.481725116789599,-0.9432698955259005,-0.600568462103961,-1.0231298052248863,,0.07166283598366696
32,C57_injured,"Cage2, Animal 3",0.07 vfh,89.85,2.77,0.0,Week 1,CCI injured paw.csv,-2.073816552188908,-1.2772061108427923,-1.289935853887964,-1.0231298052248863,,0.09027612298003272
33,C57_injured,"Cage3, Animal 0",0.07 vfh,502.15,7.07,0.0,Week 1,CCI injured paw.csv,-1.4959942855829496,-0.7557627629593107,-0.8141285048235638,-1.0231298052248863,,0.0715090678084923
34,C57_injured,"Cage3, Animal 2",0.07 vfh,271.6333,11.7,2.0,Week 1,CCI injured paw.csv,-0.31129619947769277,-1.0473014478757603,-0.3018057080402679,0.8228418776346288,,0.4074000449358003
35,C57_injured,"Cage3, Animal 3",0.07 vfh,912.43,7.61,2.0,Week 1,CCI injured paw.csv,-0.10138766575329879,-0.23687414600652157,-0.7543759540108251,0.8228418776346288,,0.6281720123536442
36,C57_injured,"Cage3, Animal 4",0.07 vfh,859.8,8.13,1.0,Week 1,CCI injured paw.csv,-0.6360917736164058,-0.3034362692156112,-0.6968364606355953,-0.10014396379512873,,0.178216913001006
37,C57_injured,"Cage1, Animal 1",0.6 vfh,529.0889,7.3311,0.0,Week 1,CCI injured paw.csv,-1.4595086640940438,-0.7216926436183009,-0.7852370399768859,-1.0231298052248863,,0.07194507862152005
38,C57_injured,"Cage1, Animal 2",0.6 vfh,559.48,5.64,3.0,Week 1,CCI injured paw.csv,0.042482592973946576,-0.6832564638223714,-0.9723621116054458,1.7458277190643865,,0.7529505723624025
39,C57_injured,"Cage1, Animal 4",0.6 vfh,1904.5,7.69,2.0,Week 1,CCI injured paw.csv,0.6331677487465712,1.017814920534264,-0.7455237242607897,0.8228418776346288,,0.933089241340014
40,C57_injured,"Cage2, Animal 0",0.6 vfh,342.08,7.74,1.0,Week 1,CCI injured paw.csv,-1.041670635686139,-0.9582062184424757,-0.7399910806670177,-0.10014396379512873,,0.090457679806597
41,C57_injured,"Cage2, Animal 1",0.6 vfh,527.38,5.22,0.0,Week 1,CCI injured paw.csv,-1.5956143656769304,-0.7238539206913013,-1.0188363177931312,-1.0231298052248863,,0.07104254589234571
42,C57_injured,"Cage2, Animal 3",0.6 vfh,757.62,3.52,2.0,Week 1,CCI injured paw.csv,-0.4764696855032669,-0.43266518332362514,-1.2069461999813826,0.8228418776346288,,0.266102129582631
43,C57_injured,"Cage3, Animal 0",0.6 vfh,880.99,10.94,2.0,Week 1,CCI injured paw.csv,0.08820322596921275,-0.27663688880898735,-0.3859018906656037,0.8228418776346288,,0.7848780640262532
44,C57_injured,"Cage3, Animal 2",0.6 vfh,852.98,13.05,3.0,Week 1,CCI injured paw.csv,0.731609256530949,-0.31206164790240554,-0.15242433100842115,1.7458277190643865,,0.9369180241234726
45,C57_injured,"Cage3, Animal 4",0.6 vfh,943.8,13.94,2.0,Week 1,CCI injured paw.csv,0.3260147173331013,-0.1971999334838322,-0.053943275039278,0.8228418776346288,,0.8895446968504815
46,C57_injured,"Cage1, Animal 1",1.4 vfh,371.33,7.74,0.0,Week 1,CCI injured paw.csv,-1.5493859995001213,-0.9212132086787312,-0.7399910806670177,-1.0231298052248863,,0.0711251557813444
47,C57_injured,"Cage1, Animal 2",1.4 vfh,454.92,3.52,1.0,Week 1,CCI injured paw.csv,-1.228259934842741,-0.8154954074427857,-1.2069461999813826,-0.10014396379512873,,0.07834850529403102
48,C57_injured,"Cage1, Animal 4",1.4 vfh,1074.65,4.5,3.0,Week 1,CCI injured paw.csv,0.3484558118225107,-0.031711546215935825,-1.0985063855434494,1.7458277190643865,,0.8952332726022006
49,C57_injured,"Cage2, Animal 0",1.4 vfh,1854.57,9.24,1.0,Week 1,CCI injured paw.csv,0.16624144175818917,0.9546675366879814,-0.5740117728538549,-0.10014396379512873,,0.8297359530490844
50,C57_injured,"Cage2, Animal 1",1.4 vfh,593.31,16.95,2.0,Week 1,CCI injured paw.csv,0.2605753790006764,-0.64047104432468,0.2791218693058021,0.8228418776346288,,0.8695269132669383
51,C57_injured,"Cage2, Animal 3",1.4 vfh,80.48,4.49,3.0,Week 1,CCI injured paw.csv,-0.3831723436613666,-1.2890565211500158,-1.099612914262204,1.7458277190643865,,0.34243108470468486
52,C57_injured,"Cage3, Animal 0",1.4 vfh,860.25,14.7,3.0,Week 1,CCI injured paw.csv,0.8423505548194954,-0.3028671459884766,0.030152907586057816,1.7458277190643865,,0.9379919631439824
53,C57_injured,"Cage3, Animal 2",1.4 vfh,1733.94,10.25,3.0,Week 1,CCI injured paw.csv,1.2005044984470306,0.8021045702674519,-0.46225237225965854,1.7458277190643865,,0.9280263674969517
54,C57_injured,"Cage3, Animal 3",1.4 vfh,469.81,10.83,2.0,Week 1,CCI injured paw.csv,-0.22115397059747696,-0.7966637522160456,-0.3980737065719023,0.8228418776346288,,0.5
55,C57_injured,"Cage3, Animal 4",1.4 vfh,1052.89,12.08,2.0,Week 1,CCI injured paw.csv,0.28741612430094654,-0.05923181604359666,-0.2597576167275999,0.8228418776346288,,0.878398792271465
56,C57_injured,"Cage1, Animal 1",0.07 vfh,354.25,8.21,1.0,Week 2,CCI injured paw.csv,-1.0027004804019322,-0.9428145969441929,-0.6879842308855599,-0.10014396379512873,,0.09428189069013267
57,C57_injured,"Cage1, Animal 2",0.07 vfh,692.87,7.84,1.0,Week 2,CCI injured paw.csv,-0.7773555225864748,-0.5145556921168715,-0.7289257934794735,-0.10014396379512873,,0.13202089099100864
58,C57_injured,"Cage2, Animal 0",0.07 vfh,426.05,14.64,1.0,Week 2,CCI injured paw.csv,-0.5391832597745112,-0.8520078242591723,0.02351373527353144,-0.10014396379512873,,0.2261671485479954
59,C57_injured,"Cage2, Animal 3",0.07 vfh,994.95,9.45,0.0,Week 2,CCI injured paw.csv,-0.9816247303918588,-0.1325095933328738,-0.5507746697600121,-1.0231298052248863,,0.09660064685124459
60,C57_injured,"Cage3, Animal 0",0.07 vfh,604.4,9.22,2.0,Week 2,CCI injured paw.csv,-0.22503395742157148,-0.6264453185715201,-0.5762248302913636,0.8228418776346288,,0.5
61,C57_injured,"Cage3, Animal 2",0.07 vfh,662.1,8.47,2.0,Week 2,CCI injured paw.csv,-0.23051572984144128,-0.5534710736700481,-0.659214484197945,0.8228418776346288,,0.4903817849978708
62,C57_injured,"Cage3, Animal 3",0.07 vfh,517.6,6.72,1.0,Week 2,CCI injured paw.csv,-0.9777687758639282,-0.7362228654943583,-0.8528570099799685,-0.10014396379512873,,0.09704550353526867
63,C57_injured,"Cage3, Animal 4",0.07 vfh,1473.75,9.2,4.0,Week 2,CCI injured paw.csv,1.4713451298835687,0.47303752033826635,-0.5784378877288726,2.6688135604941436,,0.9177354620416202
64,C57_injured,"Cage1, Animal 1",0.6 vfh,416.53,9.27,2.0,Week 2,CCI injured paw.csv,-0.35997645597165767,-0.8640479423087739,-0.5706921866975917,0.8228418776346288,,0.36224975526077774
65,C57_injured,"Cage1, Animal 2",0.6 vfh,729.07,8.5,1.0,Week 2,CCI injured paw.csv,-0.7085801929414443,-0.4687728902896047,-0.6558948980416819,-0.10014396379512873,,0.15155184147389814
66,C57_injured,"Cage1, Animal 4",0.6 vfh,180.26,8.37,1.0,Week 2,CCI injured paw.csv,-1.1204109579216381,-1.1628629309200527,-0.6702797713854894,-0.10014396379512873,,0.08427455243643649
67,C57_injured,"Cage2, Animal 0",0.6 vfh,277.37,6.66,2.0,Week 2,CCI injured paw.csv,-0.6290145295921542,-1.040046138504421,-0.8594961822924949,0.8228418776346288,,0.18120890821789642
68,C57_injured,"Cage2, Animal 1",0.6 vfh,271.77,8.93,2.0,Week 2,CCI injured paw.csv,-0.48813294824003356,-1.0471285608865397,-0.6083141631352419,0.8228418776346288,,0.2581048646512196
69,C57_injured,"Cage3, Animal 0",0.6 vfh,744.2,6.45,2.0,Week 2,CCI injured paw.csv,-0.29917962632365475,-0.4496377026750593,-0.8827332853863378,0.8228418776346288,,0.41932269031619135
70,C57_injured,"Cage3, Animal 2",0.6 vfh,529.4,9.11,0.0,Week 2,CCI injured paw.csv,-1.3456504274432521,-0.7212991897606085,-0.5883966461976624,-1.0231298052248863,,0.07424165792059097
71,C57_injured,"Cage3, Animal 3",0.6 vfh,337.68,6.34,0.0,Week 2,CCI injured paw.csv,-1.6635548131683844,-0.9637709788855687,-0.8949051012926365,-1.0231298052248863,,0.07137091410531334
72,C57_injured,"Cage3, Animal 4",0.6 vfh,658.92,5.33,2.0,Week 2,CCI injured paw.csv,-0.43342538766425326,-0.5574928778084655,-1.0066645018868328,0.8228418776346288,,0.29792254086857156
73,C57_injured,"Cage1, Animal 1",1.4 vfh,581.54,5.42,1.0,Week 2,CCI injured paw.csv,-1.013794372847814,-0.6553567785099542,-0.996705743418043,-0.10014396379512873,,0.09313448716071483
74,C57_injured,"Cage1, Animal 2",1.4 vfh,204.93,8.56,1.0,Week 2,CCI injured paw.csv,-1.0901352068874108,-1.1316623308902551,-0.6492557257291554,-0.10014396379512873,,0.08643366871320587
75,C57_injured,"Cage1, Animal 4",1.4 vfh,194.5,8.38,0.0,Week 2,CCI injured paw.csv,-1.638524052603953,-1.1448533425769511,-0.6691732426667348,-1.0231298052248863,,0.0711847041688649
76,C57_injured,"Cage2, Animal 0",1.4 vfh,421.03,17.44,3.0,Week 2,CCI injured paw.csv,0.6944235801486711,-0.8583567100374286,0.3333417765247688,1.7458277190643865,,0.9358377802671434
77,C57_injured,"Cage2, Animal 1",1.4 vfh,1494.59,16.57,3.0,Week 2,CCI injured paw.csv,1.428214186008635,0.4993942493460076,0.23707377799313428,1.7458277190643865,,0.919070465941494
78,C57_injured,"Cage2, Animal 3",1.4 vfh,256.25,13.62,3.0,Week 2,CCI injured paw.csv,0.32925745038564563,-1.0667569886312684,-0.08935219403941945,1.7458277190643865,,0.8904009394538162
79,C57_injured,"Cage3, Animal 0",1.4 vfh,939.37,10.6,2.0,Week 2,CCI injured paw.csv,0.10941071094333858,-0.20280263547540095,-0.42352386710325396,0.8228418776346288,,0.7982434069819975
80,C57_injured,"Cage3, Animal 2",1.4 vfh,497.0,4.89,2.0,Week 2,CCI injured paw.csv,-0.5805868437391172,-0.7622760621142947,-1.0553517655120273,0.8228418776346288,,0.20376703461778595
81,C57_injured,"Cage3, Animal 3",1.4 vfh,271.5889,12.68,3.0,Week 2,CCI injured paw.csv,0.2804920847645958,-1.0473576013675043,-0.19336589360233478,1.7458277190643865,,0.876202608990231
82,C57_injured,"Cage3, Animal 4",1.4 vfh,367.38,8.67,3.0,Week 2,CCI injured paw.csv,0.09478115389855418,-0.9262088458946898,-0.6370839098228568,1.7458277190643865,,0.789120301365408
83,C57_injured,"Cage1, Animal 2",0.07 vfh,711.11,6.91,2.0,Week 3,CCI injured paw.csv,-0.29412682783679206,-0.4914872306436851,-0.8318329643236345,0.8228418776346288,,0.42436457569198294
84,C57_injured,"Cage1, Animal 4",0.07 vfh,506.07,7.58,2.0,Week 3,CCI injured paw.csv,-0.40209073034773407,-0.7508050672918276,-0.7576955401670884,0.8228418776346288,,0.3233567256645611
85,C57_injured,"Cage2, Animal 0",0.07 vfh,579.86,7.44,2.0,Week 3,CCI injured paw.csv,-0.35677738790760344,-0.6574815052245898,-0.7731869422296502,0.8228418776346288,,0.3650708885765454
86,C57_injured,"Cage2, Animal 1",0.07 vfh,468.5,7.81,2.0,Week 3,CCI injured paw.csv,-0.4150235101016622,-0.7983205331661483,-0.7322453796357369,0.8228418776346288,,0.3126307190418317
87,C57_injured,"Cage2, Animal 3",0.07 vfh,129.9107,7.64,0.0,Week 3,CCI injured paw.csv,-1.7332834560781922,-1.2265406111421961,-0.751056367854562,-1.0231298052248863,,0.07232825020060736
88,C57_injured,"Cage3, Animal 0",0.07 vfh,343.54,5.87,0.0,Week 3,CCI injured paw.csv,-1.68926794123155,-0.9563597297499947,-0.9469119510740942,-1.0231298052248863,,0.0716461695170167
89,C57_injured,"Cage3, Animal 2",0.07 vfh,891.82,7.09,2.0,Week 3,CCI injured paw.csv,-0.14975736429344252,-0.2629399898092829,-0.8119154473860549,0.8228418776346288,,0.5765204867693715
90,C57_injured,"Cage3, Animal 3",0.07 vfh,577.99,3.93,2.0,Week 3,CCI injured paw.csv,-0.5823580530802049,-0.6598465284129044,-1.1615785225124513,0.8228418776346288,,0.20287499741601472
91,C57_injured,"Cage3, Animal 4",0.07 vfh,505.2,4.91,1.0,Week 3,CCI injured paw.csv,-1.1025022431015925,-0.7519053721976209,-1.0531387080745183,-0.10014396379512873,,0.08552123810223122
92,C57_injured,"Cage1, Animal 1",0.6 vfh,1120.96,17.2,3.0,Week 3,CCI injured paw.csv,1.1937350431581204,0.026857557447619876,0.3067850872746626,1.7458277190643865,,0.9283088312731306
93,C57_injured,"Cage1, Animal 2",0.6 vfh,1559.8,9.27,1.0,Week 3,CCI injured paw.csv,-0.04857959212150791,0.5818665285492137,-0.5706921866975917,-0.10014396379512873,,0.676821135261859
94,C57_injured,"Cage1, Animal 4",0.6 vfh,218.2,6.8,1.0,Week 3,CCI injured paw.csv,-1.1928003244898517,-1.114879519281199,-0.8440047802299331,-0.10014396379512873,,0.08002907005562032
95,C57_injured,"Cage2, Animal 0",0.6 vfh,91.41,5.53,1.0,Week 3,CCI injured paw.csv,-1.367148834883267,-1.2752331503220595,-0.9845339275117444,-0.10014396379512873,,0.07369365754670727
96,C57_injured,"Cage2, Animal 1",0.6 vfh,413.81,9.82,2.0,Week 3,CCI injured paw.csv,-0.3268444597039219,-0.8674879760372316,-0.5098331071660985,0.8228418776346288,,0.39247812380393865
97,C57_injured,"Cage2, Animal 3",0.6 vfh,706.32,8.8,1.0,Week 3,CCI injured paw.csv,-0.7061448428762725,-0.49754523121696154,-0.6226990364790492,-0.10014396379512873,,0.15233869084040108
98,C57_injured,"Cage3, Animal 0",0.6 vfh,659.99,7.12,3.0,Week 3,CCI injured paw.csv,0.21092206489252258,-0.5561396292461678,-0.8085958612297917,1.7458277190643865,,0.8503759202680293
99,C57_injured,"Cage3, Animal 2",0.6 vfh,605.08,5.3,1.0,Week 3,CCI injured paw.csv,-1.0041511266802148,-0.6255853101394057,-1.0099840880430961,-0.10014396379512873,,0.09412906976064495
100,C57_injured,"Cage3, Animal 3",0.6 vfh,537.44,5.1,2.0,Week 3,CCI injured paw.csv,-0.5374382640116341,-0.7111308547691382,-1.0321146624181843,0.8228418776346288,,0.22717833130509657
101,C57_injured,"Cage3, Animal 4",0.6 vfh,754.86,5.58,1.0,Week 3,CCI injured paw.csv,-0.8761361246803424,-0.4361558057833836,-0.9790012839179723,-0.10014396379512873,,0.11148153845499087
102,C57_injured,"Cage1, Animal 1",1.4 vfh,2192.65,8.18,2.0,Week 3,CCI injured paw.csv,0.8763369142651946,1.3822434936427417,-0.6913038170418233,0.8228418776346288,,0.9377816896723331
103,C57_injured,"Cage1, Animal 2",1.4 vfh,1285.53,12.02,1.0,Week 3,CCI injured paw.csv,-0.07458401930799861,0.23499224520213013,-0.2663967890401264,-0.10014396379512873,,0.6522891658797612
104,C57_injured,"Cage1, Animal 4",1.4 vfh,441.29,5.28,2.0,Week 3,CCI injured paw.csv,-0.5966373282784602,-0.8327335176335495,-1.012197145480605,0.8228418776346288,,0.1958740504155147
105,C57_injured,"Cage2, Animal 0",1.4 vfh,76.66,5.27,1.0,Week 3,CCI injured paw.csv,-1.3946019862053372,-1.2938877449892467,-1.0133036741993593,-0.10014396379512873,,0.07307398614847539
106,C57_injured,"Cage2, Animal 1",1.4 vfh,1491.1,12.77,1.0,Week 3,CCI injured paw.csv,0.12447387937274254,0.4949803825400087,-0.183407135133545,-0.10014396379512873,,0.8071934452368353
107,C57_injured,"Cage2, Animal 3",1.4 vfh,563.98,6.3,1.0,Week 3,CCI injured paw.csv,-0.9704947049168031,-0.6775652315510261,-0.8993312161676542,-0.10014396379512873,,0.0979027941862791
108,C57_injured,"Cage3, Animal 0",1.4 vfh,659.03,6.27,3.0,Week 3,CCI injured paw.csv,0.1559213725001521,-0.5573537587973881,-0.9026508023239174,1.7458277190643865,,0.8244690121075986
109,C57_injured,"Cage3, Animal 2",1.4 vfh,860.69,7.48,2.0,Week 3,CCI injured paw.csv,-0.14773476346987965,-0.3023106699441672,-0.7687608273546326,0.8228418776346288,,0.578676311626485
110,C57_injured,"Cage3, Animal 3",1.4 vfh,772.53,7.3,2.0,Week 3,CCI injured paw.csv,-0.22405442838275988,-0.4138082337312344,-0.7886783442922122,0.8228418776346288,,0.5
111,C57_injured,"Cage3, Animal 4",1.4 vfh,806.85,7.55,1.0,Week 3,CCI injured paw.csv,-0.7120728757349865,-0.3704031022751075,-0.7610151263233517,-0.10014396379512873,,0.15043557760964515
112,C57_injured,"Cage1, Animal 1",0.07 vfh,172.91,5.5,0.0,Week 4,CCI injured paw.csv,-1.8383623129954172,-1.1721586102965833,-0.9878535136680076,-1.0231298052248863,,0.07518737608195666
113,C57_injured,"Cage1, Animal 2",0.07 vfh,242.08,2.9,0.0,Week 4,CCI injured paw.csv,-1.9535815639874445,-1.0846780466945933,-1.2755509805441565,-1.0231298052248863,,0.08079316986631592
114,C57_injured,"Cage1, Animal 4",0.07 vfh,1114.85,5.84,0.0,Week 4,CCI injured paw.csv,-1.124058457439764,0.019130128741415314,-0.9502315372303574,-1.0231298052248863,,0.08403100633276564
115,C57_injured,"Cage2, Animal 0",0.07 vfh,295.4,3.94,0.0,Week 4,CCI injured paw.csv,-1.8479453266756207,-1.0172432678705643,-1.160471993793697,-1.0231298052248863,,0.07554589510175927
116,C57_injured,"Cage2, Animal 1",0.07 vfh,356.39,10.75,0.0,Week 4,CCI injured paw.csv,-1.3681034585191592,-0.9401080998195975,-0.40692593632193763,-1.0231298052248863,,0.07367062395444068
117,C57_injured,"Cage2, Animal 3",0.07 vfh,118.37,8.58,0.0,Week 4,CCI injured paw.csv,-1.6817253649557027,-1.2411363454252884,-0.6470426682916465,-1.0231298052248863,,0.07155635079262682
118,C57_injured,"Cage3, Animal 0",0.07 vfh,652.82,9.22,1.0,Week 4,CCI injured paw.csv,-0.7186540793150124,-0.5652076593318446,-0.5762248302913636,-0.10014396379512873,,0.14837077498572476
119,C57_injured,"Cage3, Animal 2",0.07 vfh,850.76,9.93,3.0,Week 4,CCI injured paw.csv,0.5306829890684133,-0.3148693224896026,-0.4976612912598,1.7458277190643865,,0.9251348022876802
120,C57_injured,"Cage3, Animal 3",0.07 vfh,890.12,7.83,1.0,Week 4,CCI injured paw.csv,-0.6329610839664757,-0.26509001088956896,-0.7300323221982279,-0.10014396379512873,,0.17953129902488998
121,C57_injured,"Cage3, Animal 4",0.07 vfh,431.4,5.46,1.0,Week 4,CCI injured paw.csv,-1.121633668623741,-0.845241581447684,-0.9922796285430253,-0.10014396379512873,,0.08419252947657116
122,C57_injured,"Cage1, Animal 1",0.6 vfh,360.82,3.33,0.0,Week 4,CCI injured paw.csv,-1.8388080905213633,-0.9345053978280288,-1.2279702456377164,-1.0231298052248863,,0.07520365957096865
123,C57_injured,"Cage1, Animal 2",0.6 vfh,420.2,5.17,1.0,Week 4,CCI injured paw.csv,-1.148392877985782,-0.8594064262119211,-1.0243689613869034,-0.10014396379512873,,0.08249100887365952
124,C57_injured,"Cage1, Animal 4",0.6 vfh,790.38,8.41,0.0,Week 4,CCI injured paw.csv,-1.1984714705978858,-0.3912330123882313,-0.6658536565104717,-1.0231298052248863,,0.07974427078933777
125,C57_injured,"Cage2, Animal 0",0.6 vfh,621.0,6.81,1.0,Week 4,CCI injured paw.csv,-0.8959923679913948,-0.6054509950816686,-0.8428982515111787,-0.10014396379512873,,0.10820419890318894
126,C57_injured,"Cage2, Animal 1",0.6 vfh,1057.53,15.35,3.0,Week 4,CCI injured paw.csv,1.0289253882767013,-0.05336352321269855,0.10207727430509508,1.7458277190643865,,0.9345189289310867
127,C57_injured,"Cage2, Animal 3",0.6 vfh,550.35,15.05,3.0,Week 4,CCI injured paw.csv,0.6368451998728524,-0.6948033417417897,0.06888141274246264,1.7458277190643865,,0.9332917560099544
128,C57_injured,"Cage3, Animal 0",0.6 vfh,1278.9,6.69,2.0,Week 4,CCI injured paw.csv,0.109302782986035,0.22660716298901487,-0.8561765961362316,0.8228418776346288,,0.7981776657521358
129,C57_injured,"Cage3, Animal 2",0.6 vfh,300.0,6.21,1.0,Week 4,CCI injured paw.csv,-1.1703417412505008,-1.0114255637709668,-0.9092899746364439,-0.10014396379512873,,0.08122103405175667
130,C57_injured,"Cage3, Animal 3",0.6 vfh,535.46,10.41,1.0,Week 4,CCI injured paw.csv,-0.7289333184652209,-0.71363499696853,-0.4445479127595878,-0.10014396379512873,,0.1452443184317685
131,C57_injured,"Cage3, Animal 4",0.6 vfh,195.66,7.89,1.0,Week 4,CCI injured paw.csv,-1.1397483151219674,-1.1433862693692265,-0.7233931498857015,-0.10014396379512873,,0.08302158152086875
132,C57_injured,"Cage1, Animal 1",1.4 vfh,1120.23,8.95,2.0,Week 4,CCI injured paw.csv,0.13699689635387577,0.02593431310137939,-0.6061011056977331,0.8228418776346288,,0.8142980080719403
133,C57_injured,"Cage1, Animal 2",1.4 vfh,164.53,6.54,0.0,Week 4,CCI injured paw.csv,-1.7780926081039061,-1.1827569495041108,-0.872774526917548,-1.0231298052248863,,0.07332040940139843
134,C57_injured,"Cage1, Animal 4",1.4 vfh,901.14,11.79,1.0,Week 4,CCI injured paw.csv,-0.3719083225374614,-0.2511528154161856,-0.2918469495714781,-0.10014396379512873,,0.35191526789080474
135,C57_injured,"Cage2, Animal 0",1.4 vfh,413.34,5.22,2.0,Week 4,CCI injured paw.csv,-0.6210208699877694,-0.8680823936300165,-1.0188363177931312,0.8228418776346288,,0.18467853999886893
136,C57_injured,"Cage2, Animal 1",1.4 vfh,511.8,13.89,2.0,Week 4,CCI injured paw.csv,0.005181649410264591,-0.7435582315329813,-0.05947591863304998,0.8228418776346288,,0.7237315627049031
137,C57_injured,"Cage2, Animal 3",1.4 vfh,311.66,8.28,1.0,Week 4,CCI injured paw.csv,-1.029544548739237,-0.9966789485967698,-0.6802385298542791,-0.10014396379512873,,0.0915870310693225
138,C57_injured,"Cage3, Animal 0",1.4 vfh,899.98,10.7,1.0,Week 4,CCI injured paw.csv,-0.44238637434232175,-0.25261988862391016,-0.4124585799157098,-0.10014396379512873,,0.2909987031221257
139,C57_injured,"Cage3, Animal 2",1.4 vfh,686.38,6.21,1.0,Week 4,CCI injured paw.csv,-0.8862457802041397,-0.5227637137704338,-0.9092899746364439,-0.10014396379512873,,0.10978190743695886
140,C57_injured,"Cage3, Animal 3",1.4 vfh,451.82,9.49,1.0,Week 4,CCI injured paw.csv,-0.8491979735785132,-0.8194160341186015,-0.5463485548849943,-0.10014396379512873,,0.11634323069406304
141,C57_injured,"Cage3, Animal 4",1.4 vfh,1530.15,17.27,1.0,Week 4,CCI injured paw.csv,0.44062961299934444,0.5443676314724609,0.31453078830594355,-0.10014396379512873,,0.9134957833591261
0,C57 uninjured,"Cage1, Animal 1",0.07 vfh,530.48,5.83,1.0,Baseline,CCI uninjured paw.csv,-1.0251482983942881,-0.7199332940154856,-0.9513380659491117,-0.10014396379512873,,0.09200960955275356
1,C57 uninjured,"Cage1, Animal 2",0.07 vfh,1031.47,6.77,0.0,Baseline,CCI uninjured paw.csv,-1.125960845888674,-0.08632208165520039,-0.8473243663861965,-1.0231298052248863,,0.08390533454257859
2,C57 uninjured,"Cage1, Animal 4",0.07 vfh,271.5,3.97,0.0,Baseline,CCI uninjured paw.csv,-1.8636021362977788,-1.0474700348228203,-1.1571524076374335,-1.0231298052248863,,0.07617064582060425
3,C57 uninjured,"Cage2, Animal 0",0.07 vfh,171.28,5.93,0.0,Baseline,CCI uninjured paw.csv,-1.8120940179318168,-1.174220101097093,-0.9402727787615676,-1.0231298052248863,,0.07429376007408843
4,C57 uninjured,"Cage2, Animal 1",0.07 vfh,1399.75,10.81,0.0,Baseline,CCI uninjured paw.csv,-0.597113260652477,0.3794483674316992,-0.40028676400941104,-1.0231298052248863,,0.1956464721495499
5,C57 uninjured,"Cage2, Animal 3",0.07 vfh,86.96,4.31,0.0,Baseline,CCI uninjured paw.csv,-1.9775720480165833,-1.2808611466792785,-1.1195304311997833,-1.0231298052248863,,0.08235556785866613
6,C57 uninjured,"Cage3, Animal 0",0.07 vfh,632.0,4.17,1.0,Baseline,CCI uninjured paw.csv,-1.0565376776398352,-0.5915390939739356,-1.1350218332623454,-0.10014396379512873,,0.08914281333865355
7,C57 uninjured,"Cage3, Animal 2",0.07 vfh,472.49,6.08,0.0,Baseline,CCI uninjured paw.csv,-1.5810400781244578,-0.7932743072188887,-0.9236748479802512,-1.0231298052248863,,0.07104288618191448
8,C57 uninjured,"Cage3, Animal 3",0.07 vfh,1608.23,5.91,0.0,Baseline,CCI uninjured paw.csv,-0.7568166200831452,0.6431168349717145,-0.9424858361990763,-1.0231298052248863,,0.13733962253829698
9,C57 uninjured,"Cage3, Animal 4",0.07 vfh,649.37,4.98,0.0,Baseline,CCI uninjured paw.csv,-1.5212483442719482,-0.5695709374065427,-1.0453930070432373,-1.0231298052248863,,0.07128965148160264
10,C57 uninjured,"Cage1, Animal 1",0.6 vfh,470.43,3.62,0.0,Baseline,CCI uninjured paw.csv,-1.7396903648630015,-0.7958796268808823,-1.1958809127938383,-1.0231298052248863,,0.07245099460083294
11,C57 uninjured,"Cage1, Animal 2",0.6 vfh,1035.0,3.89,1.0,Baseline,CCI uninjured paw.csv,-0.7781067835084183,-0.08185762611790066,-1.166004637387469,-0.10014396379512873,,0.13183399934911388
12,C57 uninjured,"Cage1, Animal 4",0.6 vfh,960.97,6.42,0.0,Baseline,CCI uninjured paw.csv,-1.2001545011962775,-0.17548472057294348,-0.886052871542601,-1.0231298052248863,,0.07966096310458946
13,C57 uninjured,"Cage2, Animal 0",0.6 vfh,376.16,7.18,1.0,Baseline,CCI uninjured paw.csv,-1.0523831376321853,-0.9151046193741538,-0.8019566889172652,-0.10014396379512873,,0.08950273332965347
14,C57 uninjured,"Cage2, Animal 1",0.6 vfh,594.58,9.22,0.0,Baseline,CCI uninjured paw.csv,-1.2906987449353668,-0.638864852105878,-0.5762248302913636,-1.0231298052248863,,0.07591306986909704
15,C57 uninjured,"Cage2, Animal 3",0.6 vfh,287.12,5.16,0.0,Baseline,CCI uninjured paw.csv,-1.7761043660273519,-1.0277151352498395,-1.0254754901056577,-1.0231298052248863,,0.07326958015385376
16,C57 uninjured,"Cage3, Animal 0",0.6 vfh,844.95,3.95,1.0,Baseline,CCI uninjured paw.csv,-0.9140134211771997,-0.32221733571105055,-1.1593654650749423,-0.10014396379512873,,0.1054372454689691
17,C57 uninjured,"Cage3, Animal 2",0.6 vfh,1094.71,8.6,0.0,Baseline,CCI uninjured paw.csv,-0.9625684188073426,-0.006341297468561057,-0.6448296108541377,-1.0231298052248863,,0.09886453254853045
18,C57 uninjured,"Cage3, Animal 3",0.6 vfh,1348.08,12.7,2.0,Baseline,CCI uninjured paw.csv,0.5440655480031201,0.31410037377382977,-0.19115283616482598,0.8228418776346288,,0.9264546764992049
19,C57 uninjured,"Cage3, Animal 4",0.6 vfh,658.05,6.36,1.0,Baseline,CCI uninjured paw.csv,-0.8974947106364874,-0.558593182714259,-0.8926920438551275,-0.10014396379512873,,0.10796618673483942
20,C57 uninjured,"Cage1, Animal 1",1.4 vfh,793.41,7.46,0.0,Baseline,CCI uninjured paw.csv,-1.2569260382928604,-0.3874009159921922,-0.7709738847921415,-1.0231298052248863,,0.07715313981427104
21,C57 uninjured,"Cage1, Animal 2",1.4 vfh,580.78,5.64,0.0,Baseline,CCI uninjured paw.csv,-1.5295225921362303,-0.6563179644046704,-0.9723621116054458,-1.0231298052248863,,0.07123247911736336
22,C57 uninjured,"Cage1, Animal 4",1.4 vfh,664.98,3.6,0.0,Baseline,CCI uninjured paw.csv,-1.5979199342590091,-0.549828685016387,-1.1980939702313471,-1.0231298052248863,,0.07104470510177056
23,C57 uninjured,"Cage2, Animal 0",1.4 vfh,105.92,5.47,0.0,Baseline,CCI uninjured paw.csv,-1.889534743757088,-1.2568820880426772,-0.9911730998242707,-1.0231298052248863,,0.07731642178985189
24,C57 uninjured,"Cage2, Animal 1",1.4 vfh,736.73,10.36,0.0,Baseline,CCI uninjured paw.csv,-1.1133603091563775,-0.4590851482454925,-0.45008055635336003,-1.0231298052248863,,0.08475514116346232
25,C57 uninjured,"Cage2, Animal 3",1.4 vfh,504.53,6.73,0.0,Baseline,CCI uninjured paw.csv,-1.515962259531636,-0.7527527334469102,-0.851750481261214,-1.0231298052248863,,0.07132998935023692
26,C57 uninjured,"Cage3, Animal 0",1.4 vfh,2152.8,13.87,2.0,Baseline,CCI uninjured paw.csv,1.2104921257089336,1.3318444700842729,-0.06168897607055897,0.8228418776346288,,0.9276083151177353
27,C57 uninjured,"Cage3, Animal 2",1.4 vfh,1099.22,8.0,1.0,Baseline,CCI uninjured paw.csv,-0.46835589597645017,-0.0006374180143905543,-0.7112213339794028,-0.10014396379512873,,0.27182227048120083
28,C57 uninjured,"Cage3, Animal 3",1.4 vfh,769.45,5.28,0.0,Baseline,CCI uninjured paw.csv,-1.4137935156720394,-0.4177035660413995,-1.012197145480605,-1.0231298052248863,,0.07269202735210217
29,C57 uninjured,"Cage3, Animal 4",1.4 vfh,1103.2,8.91,2.0,Baseline,CCI uninjured paw.csv,0.12192009448468587,0.0043961607500437585,-0.6105272205727507,0.8228418776346288,,0.805707385246522
30,C57 uninjured,"Cage1, Animal 1",0.07 vfh,1138.15,7.43,1.0,Week 1,CCI uninjured paw.csv,-0.47614107174444553,0.048598064724159,-0.7742934709484047,-0.10014396379512873,,0.26633129615859213
31,C57 uninjured,"Cage1, Animal 2",0.07 vfh,1537.65,9.11,3.0,Week 1,CCI uninjured paw.csv,0.9833582172023076,0.5538530185913698,-0.5883966461976624,1.7458277190643865,,0.9358307572043115
32,C57 uninjured,"Cage1, Animal 4",0.07 vfh,2022.62,16.09,2.0,Week 1,CCI uninjured paw.csv,1.2565792031034133,1.1672034440656653,0.18396039949292212,0.8228418776346288,,0.9256730782619824
33,C57 uninjured,"Cage2, Animal 0",0.07 vfh,171.18,4.16,0.0,Week 1,CCI uninjured paw.csv,-1.9252285390271644,-1.1743465729253448,-1.1361283619810998,-1.0231298052248863,,0.0791346462521732
34,C57 uninjured,"Cage2, Animal 1",0.07 vfh,888.22,6.41,0.0,Week 1,CCI uninjured paw.csv,-1.2542845966684093,-0.2674929756263592,-0.8871594002613554,-1.0231298052248863,,0.07725759039461856
35,C57 uninjured,"Cage2, Animal 3",0.07 vfh,1112.9,6.34,0.0,Week 1,CCI uninjured paw.csv,-1.093554111987267,0.01666392809049925,-0.8949051012926365,-1.0231298052248863,,0.08617707183429554
36,C57 uninjured,"Cage3, Animal 0",0.07 vfh,708.48,12.56,0.0,Week 1,CCI uninjured paw.csv,-0.9936040691120281,-0.4948134397267158,-0.20664423822738773,-1.0231298052248863,,0.09525976861517338
37,C57 uninjured,"Cage3, Animal 2",0.07 vfh,412.83,7.09,0.0,Week 1,CCI uninjured paw.csv,-1.5603916172146644,-0.8687273999541023,-0.8119154473860549,-1.0231298052248863,,0.07108406170269832
38,C57 uninjured,"Cage3, Animal 3",0.07 vfh,826.5,6.45,1.0,Week 1,CCI uninjured paw.csv,-0.7678885955687944,-0.3455513880235664,-0.8827332853863378,-0.10014396379512873,,0.13442167839576372
39,C57 uninjured,"Cage3, Animal 4",0.07 vfh,558.24,6.34,0.0,Week 1,CCI uninjured paw.csv,-1.5013823270966793,-0.6848247144926977,-0.8949051012926365,-1.0231298052248863,,0.0714565942808012
40,C57 uninjured,"Cage1, Animal 1",0.6 vfh,1498.7,6.75,1.0,Week 1,CCI uninjured paw.csv,-0.25447315303204354,0.5045922414871699,-0.8495374238237052,-0.10014396379512873,,0.4650910376364799
41,C57 uninjured,"Cage1, Animal 2",0.6 vfh,1168.73,9.39,3.0,Week 1,CCI uninjured paw.csv,0.7299855309296307,0.08727314980365654,-0.5574138420725385,1.7458277190643865,,0.9368792521786922
42,C57 uninjured,"Cage1, Animal 4",0.6 vfh,849.38,5.13,0.0,Week 1,CCI uninjured paw.csv,-1.3646043409465287,-0.3166146337194818,-1.028795076261921,-1.0231298052248863,,0.07375558521085171
43,C57 uninjured,"Cage2, Animal 0",0.6 vfh,203.01,5.33,0.0,Week 1,CCI uninjured paw.csv,-1.8270894693008586,-1.1340905899926959,-1.0066645018868328,-1.0231298052248863,,0.07478815880659202
44,C57 uninjured,"Cage2, Animal 1",0.6 vfh,1298.18,7.02,0.0,Week 1,CCI uninjured paw.csv,-0.9138863031311215,0.25099093147602314,-0.819661148417336,-1.0231298052248863,,0.10545610387430694
45,C57 uninjured,"Cage2, Animal 3",0.6 vfh,1316.72,11.18,1.0,Week 1,CCI uninjured paw.csv,-0.10530682394727611,0.27443880843396573,-0.35934520141549764,-0.10014396379512873,,0.6239718337407534
46,C57 uninjured,"Cage3, Animal 0",0.6 vfh,1323.6,10.82,3.0,Week 1,CCI uninjured paw.csv,0.9352007956699948,0.2831400702177113,-0.39918023529065666,1.7458277190643865,,0.9369274527652153
47,C57 uninjured,"Cage3, Animal 2",0.6 vfh,197.28,5.95,0.0,Week 1,CCI uninjured paw.csv,-1.7916993152246259,-1.1413374257515423,-0.9380597213240586,-1.0231298052248863,,0.07368602166942632
48,C57 uninjured,"Cage3, Animal 3",0.6 vfh,1144.6,8.16,1.0,Week 1,CCI uninjured paw.csv,-0.4247688659265609,0.05675549764642037,-0.6935168744793321,-0.10014396379512873,,0.3047598150905158
49,C57 uninjured,"Cage3, Animal 4",0.6 vfh,1263.53,8.2,1.0,Week 1,CCI uninjured paw.csv,-0.33476743433889633,0.2071684429866642,-0.6890907596043145,-0.10014396379512873,,0.3850494721335175
50,C57 uninjured,"Cage1, Animal 1",1.4 vfh,1159.7,7.59,1.0,Week 1,CCI uninjured paw.csv,-0.45007567001831716,0.07585274371249034,-0.756589011448334,-0.10014396379512873,,0.2851828113247766
51,C57 uninjured,"Cage1, Animal 2",1.4 vfh,575.45,7.01,1.0,Week 1,CCI uninjured paw.csv,-0.9167089386670799,-0.6630589128505081,-0.8207676771360903,-0.10014396379512873,,0.10503950450179542
52,C57 uninjured,"Cage1, Animal 4",1.4 vfh,882.65,4.07,0.0,Week 1,CCI uninjured paw.csv,-1.407850550249125,-0.2745374564600022,-1.1460871204498895,-1.0231298052248863,,0.07280589571445316
53,C57 uninjured,"Cage2, Animal 0",1.4 vfh,511.29,7.53,0.0,Week 1,CCI uninjured paw.csv,-1.459890779411973,-0.7442032378570671,-0.7632281837608605,-1.0231298052248863,,0.07193978187138463
54,C57 uninjured,"Cage2, Animal 1",1.4 vfh,1254.75,7.41,1.0,Week 1,CCI uninjured paw.csv,-0.3916854094089037,0.1960642164661283,-0.7765065283859135,-0.10014396379512873,,0.3354372574766061
55,C57 uninjured,"Cage2, Animal 3",1.4 vfh,1050.7169999999999,7.6378,1.0,Week 1,CCI uninjured paw.csv,-0.5271549744275669,-0.06198004887151547,-0.7512998041726878,-0.10014396379512873,,0.23325092962242985
56,C57 uninjured,"Cage3, Animal 2",1.4 vfh,681.275,8.1589,0.0,Week 1,CCI uninjured paw.csv,-1.2947330950438076,-0.5292201006027045,-0.6936385926383952,-1.0231298052248863,,0.07577629278119306
57,C57 uninjured,"Cage3, Animal 3",1.4 vfh,1081.7169999999999,6.8686,1.0,Week 1,CCI uninjured paw.csv,-0.553495041777156,-0.022773782113358936,-0.8364139932192778,-0.10014396379512873,,0.21808201237234132
58,C57 uninjured,"Cage3, Animal 4",1.4 vfh,1551.78,7.54,1.0,Week 1,CCI uninjured paw.csv,-0.16498244884988278,0.5717234879233939,-0.762121655042106,-0.10014396379512873,,0.5602886233804548
59,C57 uninjured,"Cage1, Animal 1",0.07 vfh,1128.4,8.74,0.0,Week 2,CCI uninjured paw.csv,-0.9288542911577611,0.03626706146957751,-0.6293382087915758,-1.0231298052248863,,0.10329733167650418
60,C57 uninjured,"Cage1, Animal 2",0.07 vfh,1281.4,10.67,1.0,Week 2,CCI uninjured paw.csv,-0.16385367054009456,0.2297689586953178,-0.415778166071973,-0.10014396379512873,,0.5614924309256799
61,C57 uninjured,"Cage1, Animal 4",0.07 vfh,1034.76,9.15,2.0,Week 2,CCI uninjured paw.csv,0.08692810567464292,-0.08216115850570577,-0.5839705313226446,0.8228418776346288,,0.7840455793073081
62,C57 uninjured,"Cage2, Animal 0",0.07 vfh,558.11,6.98,0.0,Week 2,CCI uninjured paw.csv,-1.4605971017779942,-0.6849891278694255,-0.8240872632923535,-1.0231298052248863,,0.07193003194693341
63,C57 uninjured,"Cage2, Animal 1",0.07 vfh,503.58,6.85,0.0,Week 2,CCI uninjured paw.csv,-1.508995619680194,-0.7539542158153054,-0.838472136636161,-1.0231298052248863,,0.07138767795983823
64,C57 uninjured,"Cage2, Animal 3",0.07 vfh,765.22,6.55,0.0,Week 2,CCI uninjured paw.csv,-1.3357808736369612,-0.42305332437646415,-0.8716679981987936,-1.0231298052248863,,0.07451245793737425
65,C57 uninjured,"Cage3, Animal 0",0.07 vfh,709.8,9.327,0.0,Week 2,CCI uninjured paw.csv,-1.1991454775782662,-0.49314401159378796,-0.5643849730006915,-1.0231298052248863,,0.07971084225308343
66,C57 uninjured,"Cage3, Animal 2",0.07 vfh,398.95,8.512,2.0,Week 2,CCI uninjured paw.csv,-0.4213208197406905,-0.8862816897154961,-0.6545670635791765,0.8228418776346288,,0.30752370984901084
67,C57 uninjured,"Cage3, Animal 3",0.07 vfh,584.6,6.2925,0.0,Week 2,CCI uninjured paw.csv,-1.4850345730675256,-0.6514867405654394,-0.9001611127067198,-1.0231298052248863,,0.0716252584505859
68,C57 uninjured,"Cage3, Animal 4",0.07 vfh,609.225,7.6636,1.0,Week 2,CCI uninjured paw.csv,-0.8501254615606724,-0.6203430528583553,-0.7484449600783015,-0.10014396379512873,,0.11616742870898866
69,C57 uninjured,"Cage1, Animal 1",0.6 vfh,415.79,7.23,1.0,Week 2,CCI uninjured paw.csv,-1.0200503343083462,-0.8649838338378396,-0.7964240453234931,-0.10014396379512873,,0.09250863610355106
70,C57 uninjured,"Cage1, Animal 2",0.6 vfh,1713.32,14.89,1.0,Week 2,CCI uninjured paw.csv,0.4232846108092082,0.776026079281865,0.051176953242391916,-0.10014396379512873,,0.9106152986214844
71,C57 uninjured,"Cage1, Animal 4",0.6 vfh,1347.55,10.85,1.0,Week 2,CCI uninjured paw.csv,-0.10371743153598412,0.3134300730840936,-0.39586064913439345,-0.10014396379512873,,0.6256747041856641
72,C57 uninjured,"Cage2, Animal 0",0.6 vfh,354.02,8.84,2.0,Week 2,CCI uninjured paw.csv,-0.4334053570229221,-0.9431054821491728,-0.6182729216040317,0.8228418776346288,,0.2979381935422749
73,C57 uninjured,"Cage2, Animal 3",0.6 vfh,2032.85,10.59,1.0,Week 2,CCI uninjured paw.csv,0.38355941747970956,1.1801415120958572,-0.42463039582200834,-0.10014396379512873,,0.903089314692502
74,C57 uninjured,"Cage3, Animal 0",0.6 vfh,1811.1670000000001,14.3738,3.0,Week 2,CCI uninjured paw.csv,1.5207006140814918,0.899774969071715,-0.005942059219711337,1.7458277190643865,,0.9164355827344854
75,C57 uninjured,"Cage3, Animal 2",0.6 vfh,902.95,9.5604,1.0,Week 2,CCI uninjured paw.csv,-0.5129959989200485,-0.24886367532482223,-0.5385585927049633,-0.10014396379512873,,0.24193444734738306
76,C57 uninjured,"Cage3, Animal 3",0.6 vfh,438.925,6.1015,0.0,Week 2,CCI uninjured paw.csv,-1.6043462790648848,-0.8357245763717122,-0.9212958112349293,-1.0231298052248863,,0.07105394965275673
77,C57 uninjured,"Cage3, Animal 4",0.6 vfh,854.48,6.2,1.0,Week 2,CCI uninjured paw.csv,-0.7632846385055688,-0.3101645704786238,-0.9103965033551982,-0.10014396379512873,,0.13562036392279628
78,C57 uninjured,"Cage1, Animal 1",1.4 vfh,1312.82,9.76,0.0,Week 2,CCI uninjured paw.csv,-0.7281008887535958,0.26950640713213303,-0.5164722794786251,-1.0231298052248863,,0.14549310953915304
79,C57 uninjured,"Cage1, Animal 2",1.4 vfh,596.93,9.89,1.0,Week 2,CCI uninjured paw.csv,-0.7169515586413571,-0.6358927641419534,-0.5020874061348176,-0.10014396379512873,,0.14890014146754013
80,C57 uninjured,"Cage1, Animal 4",1.4 vfh,1229.07,10.49,2.0,Week 2,CCI uninjured paw.csv,0.31539379383773286,0.16358625097098434,-0.43569568300955247,0.8228418776346288,,0.8866560611687696
81,C57 uninjured,"Cage2, Animal 0",1.4 vfh,212.6,5.63,1.0,Week 2,CCI uninjured paw.csv,-1.271653103367133,-1.1219619416633178,-0.9734686403242,-0.10014396379512873,,0.07659101885845485
82,C57 uninjured,"Cage2, Animal 1",1.4 vfh,735.98,8.92,1.0,Week 2,CCI uninjured paw.csv,-0.6766714030672003,-0.4600336869573834,-0.6094206918539963,-0.10014396379512873,,0.16243717971755225
83,C57 uninjured,"Cage2, Animal 3",1.4 vfh,641.25,12.48,1.0,Week 2,CCI uninjured paw.csv,-0.5189245911610227,-0.5798404498606147,-0.21549646797742308,-0.10014396379512873,,0.23825269674987068
84,C57 uninjured,"Cage3, Animal 0",1.4 vfh,856.7,10.6323,2.0,Week 2,CCI uninjured paw.csv,0.05068864314906305,-0.30735689589142673,-0.41994977934167704,0.8228418776346288,,0.7589971101389879
85,C57 uninjured,"Cage3, Animal 2",1.4 vfh,248.1,4.0432,2.0,Week 2,CCI uninjured paw.csv,-0.8176874764562115,-1.0770644426338158,-1.1490526174161513,0.8228418776346288,,0.12269892527046747
86,C57 uninjured,"Cage3, Animal 3",1.4 vfh,800.9,9.3083,1.0,Week 2,CCI uninjured paw.csv,-0.6041341270852569,-0.37792817605610857,-0.5664541817047622,-0.10014396379512873,,0.19233175790113735
87,C57 uninjured,"Cage3, Animal 4",1.4 vfh,787.75,4.8595,2.0,Week 2,CCI uninjured paw.csv,-0.3687535577229905,-0.39455922147126204,-1.0587266781042282,0.8228418776346288,,0.354618850988174
88,C57 uninjured,"Cage1, Animal 1",0.07 vfh,380.53,4.46,0.0,Week 3,CCI uninjured paw.csv,-1.7521356172479796,-0.9095778004795363,-1.1029325004184674,-1.0231298052248863,,0.07270728433936509
89,C57 uninjured,"Cage1, Animal 2",0.07 vfh,711.11,6.91,2.0,Week 3,CCI uninjured paw.csv,-0.29412682783679206,-0.4914872306436851,-0.8318329643236345,0.8228418776346288,,0.42436457569198294
90,C57 uninjured,"Cage1, Animal 4",0.07 vfh,940.3,10.18,0.0,Week 3,CCI uninjured paw.csv,-0.9751778913629712,-0.20162644747265632,-0.4699980732909395,-1.0231298052248863,,0.09734812063839336
91,C57 uninjured,"Cage2, Animal 0",0.07 vfh,1126.83,6.4,1.0,Week 3,CCI uninjured paw.csv,-0.5502569521890748,0.03428145376601906,-0.8882659289801098,-0.10014396379512873,,0.21987905429232082
92,C57 uninjured,"Cage2, Animal 1",0.07 vfh,720.9,7.65,0.0,Week 3,CCI uninjured paw.csv,-1.2981044140107565,-0.4791056386578028,-0.7499498391358075,-1.0231298052248863,,0.07566377911156962
93,C57 uninjured,"Cage2, Animal 3",0.07 vfh,627.5,4.82,0.0,Week 3,CCI uninjured paw.csv,-1.5475490343347782,-0.5972303262452808,-1.063097466543308,-1.0231298052248863,,0.07113329694738049
94,C57 uninjured,"Cage3, Animal 0",0.07 vfh,1090.75,10.08,1.0,Week 3,CCI uninjured paw.csv,-0.3417210477207476,-0.01134958186734497,-0.4810633604784837,-0.10014396379512873,,0.37863154331489884
95,C57 uninjured,"Cage3, Animal 2",0.07 vfh,485.1,3.46,0.0,Week 3,CCI uninjured paw.csv,-1.7391240679786966,-0.7773262096762966,-1.2135853722939092,-1.0231298052248863,,0.07243989611595339
96,C57 uninjured,"Cage3, Animal 3",0.07 vfh,451.13,4.5,0.0,Week 3,CCI uninjured paw.csv,-1.6976700772628064,-0.8202886897335411,-1.0985063855434494,-1.0231298052248863,,0.07175530868287655
97,C57 uninjured,"Cage3, Animal 4",0.07 vfh,505.8,4.58,1.0,Week 3,CCI uninjured paw.csv,-1.1231402457480972,-0.7511465412281083,-1.089654155793414,-0.10014396379512873,,0.0840919939302092
98,C57 uninjured,"Cage1, Animal 1",0.6 vfh,1010.75,13.37,2.0,Week 3,CCI uninjured paw.csv,0.3388319765475559,-0.11252704446903924,-0.11701541200827992,0.8228418776346288,,0.8928608229048727
99,C57 uninjured,"Cage1, Animal 2",0.6 vfh,1559.8,9.27,1.0,Week 3,CCI uninjured paw.csv,-0.04857959212150791,0.5818665285492137,-0.5706921866975917,-0.10014396379512873,,0.676821135261859
100,C57 uninjured,"Cage1, Animal 4",0.6 vfh,971.37,7.91,1.0,Week 3,CCI uninjured paw.csv,-0.5681098033251044,-0.16233165043472325,-0.7211800924481926,-0.10014396379512873,,0.21020180370438557
101,C57 uninjured,"Cage2, Animal 0",0.6 vfh,531.33,5.39,0.0,Week 3,CCI uninjured paw.csv,-1.5818510597943147,-0.7188582834753425,-1.0000253295743062,-1.0231298052248863,,0.07104223712884215
102,C57 uninjured,"Cage2, Animal 1",0.6 vfh,985.44,6.81,1.0,Week 3,CCI uninjured paw.csv,-0.6280283635301497,-0.1445370641996502,-0.8428982515111787,-0.10014396379512873,,0.18163173960123827
103,C57 uninjured,"Cage2, Animal 3",0.6 vfh,1091.34,11.05,2.0,Week 3,CCI uninjured paw.csv,0.24989493297396673,-0.010603398080657578,-0.373730074759305,0.8228418776346288,,0.8657190343614581
104,C57 uninjured,"Cage3, Animal 0",0.6 vfh,523.49,7.1,2.0,Week 3,CCI uninjured paw.csv,-0.41994282992263327,-0.7287736748103086,-0.8108089186673005,0.8228418776346288,,0.30863470821449956
105,C57 uninjured,"Cage3, Animal 2",0.6 vfh,860.23,4.8,0.0,Week 3,CCI uninjured paw.csv,-1.3777057640580543,-0.302892440354127,-1.065310523980817,-1.0231298052248863,,0.07344495156648229
106,C57 uninjured,"Cage3, Animal 3",0.6 vfh,430.08,3.6,1.0,Week 3,CCI uninjured paw.csv,-1.2414140905785334,-0.846911009580612,-1.1980939702313471,-0.10014396379512873,,0.07778283564828527
107,C57 uninjured,"Cage3, Animal 4",0.6 vfh,1149.06,4.97,1.0,Week 3,CCI uninjured paw.csv,-0.625254828086045,0.062396141186464874,-1.0464995357619917,-0.10014396379512873,,0.18282876371469406
108,C57 uninjured,"Cage1, Animal 1",1.4 vfh,933.73,11.36,3.0,Week 3,CCI uninjured paw.csv,0.6830319056560953,-0.20993564658882038,-0.3394276844779181,1.7458277190643865,,0.9354224837802769
109,C57 uninjured,"Cage1, Animal 2",1.4 vfh,1285.53,12.02,1.0,Week 3,CCI uninjured paw.csv,-0.07458401930799861,0.23499224520213013,-0.2663967890401264,-0.10014396379512873,,0.6522891658797612
110,C57 uninjured,"Cage1, Animal 4",1.4 vfh,1332.3,8.6,2.0,Week 3,CCI uninjured paw.csv,0.27057019511447017,0.2941431192756456,-0.6448296108541377,0.8228418776346288,,0.8729446835990018
111,C57 uninjured,"Cage2, Animal 0",1.4 vfh,1058.7,5.35,1.0,Week 3,CCI uninjured paw.csv,-0.6674213905089637,-0.05188380282214868,-1.004451444449324,-0.10014396379512873,,0.16583542933288856
112,C57 uninjured,"Cage2, Animal 1",1.4 vfh,1415.11,15.63,1.0,Week 3,CCI uninjured paw.csv,0.2512863772410355,0.3988744402512243,0.13306007843021894,-0.10014396379512873,,0.8662244156866434
113,C57 uninjured,"Cage2, Animal 3",1.4 vfh,995.53,8.8,2.0,Week 3,CCI uninjured paw.csv,0.03572653251911704,-0.1317760567290116,-0.6226990364790492,0.8228418776346288,,0.74786859039194
114,C57 uninjured,"Cage3, Animal 0",1.4 vfh,687.63,5.39,2.0,Week 3,CCI uninjured paw.csv,-0.4084830361552772,-0.5211828159172824,-1.0000253295743062,0.8228418776346288,,0.31801542343933326
115,C57 uninjured,"Cage3, Animal 2",1.4 vfh,531.29,3.48,0.0,Week 3,CCI uninjured paw.csv,-1.7038841417777275,-0.7189088722066435,-1.2113723148564002,-1.0231298052248863,,0.07184228270693004
116,C57 uninjured,"Cage3, Animal 3",1.4 vfh,1035.72,5.01,1.0,Week 3,CCI uninjured paw.csv,-0.7060359651412665,-0.08094702895448538,-1.0420734208869742,-0.10014396379512873,,0.15237403303641084
117,C57 uninjured,"Cage3, Animal 4",1.4 vfh,573.85,4.5,1.0,Week 3,CCI uninjured paw.csv,-1.078214811797042,-0.6650824621025421,-1.0985063855434494,-0.10014396379512873,,0.08735514523735079
118,C57 uninjured,"Cage1, Animal 1",0.07 vfh,990.63,8.26,0.0,Week 4,CCI uninjured paw.csv,-1.060813881272504,-0.13797317631336536,-0.682451587291788,-1.0231298052248863,,0.08877829428123213
119,C57 uninjured,"Cage1, Animal 2",0.07 vfh,1806.9,13.38,1.0,Week 4,CCI uninjured paw.csv,0.39563857983553036,0.8943784161601971,-0.11590888328952532,-0.10014396379512873,,0.905522250547292
120,C57 uninjured,"Cage1, Animal 4",0.07 vfh,1029.28,12.33,2.0,Week 4,CCI uninjured paw.csv,0.2860253235858047,-0.08909181469392184,-0.2320943987587394,0.8228418776346288,,0.8779626747281157
121,C57 uninjured,"Cage2, Animal 0",0.07 vfh,757.6,5.75,0.0,Week 4,CCI uninjured paw.csv,-1.3924846911615103,-0.43269047768927554,-0.9601902956991472,-1.0231298052248863,,0.07311867230141317
122,C57 uninjured,"Cage2, Animal 1",0.07 vfh,301.6,4.67,0.0,Week 4,CCI uninjured paw.csv,-1.7967569398707843,-1.0094020145189329,-1.0796953973246244,-1.0231298052248863,,0.07382995114311938
123,C57 uninjured,"Cage2, Animal 3",0.07 vfh,755.13,11.33,0.0,Week 4,CCI uninjured paw.csv,-1.037871250312734,-0.4358143318471029,-0.3427472706341813,-1.0231298052248863,,0.0908059015770521
124,C57 uninjured,"Cage3, Animal 0",0.07 vfh,832.73,9.68,1.0,Week 4,CCI uninjured paw.csv,-0.5569874817110243,-0.3376721931234594,-0.5253245092286605,-0.10014396379512873,,0.21616472923911156
125,C57 uninjured,"Cage3, Animal 2",0.07 vfh,3982.25,10.52,1.0,Week 4,CCI uninjured paw.csv,1.8124352148992957,3.645583332042642,-0.4323760968532893,-0.10014396379512873,,0.914396486206157
126,C57 uninjured,"Cage3, Animal 3",0.07 vfh,307.2,4.55,0.0,Week 4,CCI uninjured paw.csv,-1.8003045460795286,-1.0023195921368142,-1.0929737419496774,-1.0231298052248863,,0.07393355238458997
127,C57 uninjured,"Cage3, Animal 4",0.07 vfh,773.25,7.79,2.0,Week 4,CCI uninjured paw.csv,-0.1922256585459929,-0.41289763656781914,-0.7344584370732457,0.8228418776346288,,0.5312101604090339
128,C57 uninjured,"Cage1, Animal 1",0.6 vfh,980.17,4.4,1.0,Week 4,CCI uninjured paw.csv,-0.7858450730208058,-0.15120212954853693,-1.1095716727309937,-0.10014396379512873,,0.12993932597534824
129,C57 uninjured,"Cage1, Animal 2",0.6 vfh,1231.8,6.47,1.0,Week 4,CCI uninjured paw.csv,-0.4686036862647692,0.16703893188226718,-0.880520227948829,-0.10014396379512873,,0.2716456720831599
130,C57 uninjured,"Cage1, Animal 4",0.6 vfh,1067.18,9.25,0.0,Week 4,CCI uninjured paw.csv,-0.9412909946436623,-0.041158991786369066,-0.5729052441351005,-1.0231298052248863,,0.10159523841025346
131,C57 uninjured,"Cage2, Animal 0",0.6 vfh,722.85,5.12,0.0,Week 4,CCI uninjured paw.csv,-1.4582775825056042,-0.47663943800688646,-1.0299016049806755,-1.0231298052248863,,0.07196224907097275
132,C57 uninjured,"Cage2, Animal 1",0.6 vfh,1182.4,7.91,1.0,Week 4,CCI uninjured paw.csv,-0.4129444980307992,0.10456184872572115,-0.7211800924481926,-0.10014396379512873,,0.3143334867210985
133,C57 uninjured,"Cage2, Animal 3",0.6 vfh,509.68,9.68,0.0,Week 4,CCI uninjured paw.csv,-1.3237405987126276,-0.7462394342919261,-0.5253245092286605,-1.0231298052248863,,0.0748597549790383
134,C57 uninjured,"Cage3, Animal 0",0.6 vfh,960.5,8.75,2.0,Week 4,CCI uninjured paw.csv,0.006775999035366168,-0.17607913816572845,-0.6282316800728214,0.8228418776346288,,0.7250379699647376
135,C57 uninjured,"Cage3, Animal 2",0.6 vfh,1330.85,8.78,1.0,Week 4,CCI uninjured paw.csv,-0.24822041535030112,0.29230927776598986,-0.6249120939165582,-0.10014396379512873,,0.47165721434209634
136,C57 uninjured,"Cage3, Animal 3",0.6 vfh,531.05,6.64,0.0,Week 4,CCI uninjured paw.csv,-1.5022116027032448,-0.7192124045944486,-0.8617092397300038,-1.0231298052248863,,0.07144879029713154
137,C57 uninjured,"Cage3, Animal 4",0.6 vfh,547.49,7.4,0.0,Week 4,CCI uninjured paw.csv,-1.4415777010986948,-0.6984204360298003,-0.7776130571046679,-1.0231298052248863,,0.07221115306349808
138,C57 uninjured,"Cage1, Animal 1",1.4 vfh,863.58,4.84,1.0,Week 4,CCI uninjured paw.csv,-0.8434653502422359,-0.29865563410768103,-1.0608844091057992,-0.10014396379512873,,0.11744368562010282
139,C57 uninjured,"Cage1, Animal 2",1.4 vfh,660.44,4.86,1.0,Week 4,CCI uninjured paw.csv,-0.9915518021345665,-0.5555705060190331,-1.0586713516682902,-0.10014396379512873,,0.09548514012317515
140,C57 uninjured,"Cage1, Animal 4",1.4 vfh,477.26,5.29,0.0,Week 4,CCI uninjured paw.csv,-1.627995062687249,-0.7872416010112627,-1.0110906167618503,-1.0231298052248863,,0.07112954371998133
141,C57 uninjured,"Cage2, Animal 0",1.4 vfh,259.7,4.12,2.0,Week 4,CCI uninjured paw.csv,-0.8042525769061156,-1.0623937105565702,-1.1405544768561175,0.8228418776346288,,0.125648044867542
142,C57 uninjured,"Cage2, Animal 1",1.4 vfh,839.43,7.45,1.0,Week 4,CCI uninjured paw.csv,-0.6945052087053908,-0.3291985806305676,-0.7720804135108958,-0.10014396379512873,,0.15619780542499698
143,C57 uninjured,"Cage2, Animal 3",1.4 vfh,449.46,7.9,0.0,Week 4,CCI uninjured paw.csv,-1.4817186787409087,-0.8224007692653514,-0.722286621166947,-1.0231298052248863,,0.07166291021198906
144,C57 uninjured,"Cage3, Animal 0",1.4 vfh,1369.55,12.25,1.0,Week 4,CCI uninjured paw.csv,0.0018854161242295771,0.34125387529955953,-0.24094662850877477,-0.10014396379512873,,0.7210146114407862
145,C57 uninjured,"Cage3, Animal 2",1.4 vfh,1082.73,10.41,1.0,Week 4,CCI uninjured paw.csv,-0.3265387933815155,-0.021492622493164797,-0.4445479127595878,-0.10014396379512873,,0.39276714767575466
146,C57 uninjured,"Cage3, Animal 3",1.4 vfh,411.7,8.26,1.0,Week 4,CCI uninjured paw.csv,-0.9572650578280125,-0.8701565316133512,-0.682451587291788,-0.10014396379512873,,0.09952450127314161
147,C57 uninjured,"Cage3, Animal 4",1.4 vfh,1046.51,6.9,3.0,Week 4,CCI uninjured paw.csv,0.4810681857343105,-0.06730071868608191,-0.8329394930423889,1.7458277190643865,,0.9193623797729072
